First Name,Contact Id,Last Name,Office Phone,Mobile Phone,Home Phone,Primary Email,Date of Birth,Secondary Email
John,CON31,Doe,(123) 456-7890,(234) 567-8901,(111) 222-3333,john.doe@example.com,1980-05-10,john.doe2@example.com
Jane,CON31,,(234) 567-8901,,(222) 333-4444,jane.smith@example.com,1985-08-20,jane.smith2@example.com
Michael,CON33,Johnson,(345) 678-9012,(456) 789-0123,(333) 444-5555,michael.johnson@example.com,1978-11-05,michael.johnson2@example.com
Susan,CON34,Williams,(456) 789-0123,(567) 890-1234,(444) 555-6666,susan.williams@example.com,1990-02-15,susan.williams2@example.com
David,CON35,Brown,(567) 890-1234,(678) 901-2345,(555) 666-7777,david.brown@example.com,1982-04-30,david.brown2@example.com
Emily,CON36,Jones,(678) 901-2345,(789) 012-3456,(666) 777-8888,emily.jones@example.com,1987-07-25,emily.jones2@example.com
Christopher,CON37,Miller,(789) 012-3456,(890) 123-4567,(777) 888-9999,christopher.miller@example.com,1975-10-12,christopher.miller2@example.com
Alexander,CON38,Wilson,(890) 123-4567,(901) 234-5678,(888) 999-0000,alexander.wilson@example.com,12262020,alexander.wilson2@example.com
Ava,CON39,Taylor,(901) 234-5678,(012) 345-6789,(999) 000-1111,ava.taylor@example.com,12262020,ava.taylor2@example.com
